,HAEMATOCRIT,HAEMOGLOBINS,ERYTHROCYTE,LEUCOCYTE,THROMBOCYTE,MCH,MCHC,MCV,AGE,SOURCE
count,3309.0,3309.0,3309.0,3309.0,3309.0,3309.0,3309.0,3309.0,3309.0,3309.0
mean,38.22611060743427,12.749350256875191,4.544802055001511,8.715533393774555,258.89301903898456,28.2300392867936,33.33647627682079,84.61133272892113,46.644303414928984,0.3980054397098821
std,5.971943270147628,2.0843250354494876,0.7845097582990231,4.99129900676745,112.67613932263603,2.6965198861944844,1.2470554573072092,6.916078934650036,21.87410627035478,0.48956055730530623
min,13.7,3.8,1.48,1.1,10.0,14.9,26.0,54.0,1.0,0.0
25%,34.3,11.4,4.04,5.7,191.0,27.2,32.7,81.5,29.0,0.0
50%,38.7,12.9,4.58,7.6,257.0,28.7,33.4,85.3,48.0,0.0
75%,42.5,14.2,5.06,10.3,322.0,29.8,34.1,88.8,64.0,1.0
max,69.0,18.9,7.86,76.6,1121.0,40.8,38.4,115.6,99.0,1.0
